{"cameraMode":{"drawMode":0,"name":"Shaded","section":"Shading Mode"},"sceneLighting":true,"audioPlay":false,"sceneViewState":{"m_AlwaysRefresh":false,"showFog":true,"showSkybox":true,"showFlares":true,"showImageEffects":true,"showParticleSystems":true,"showVisualEffectGraphs":true,"m_FxEnabled":true},"in2DMode":false,"pivot":{"x":-2.0325894355773927,"y":-1.5920886993408204,"z":0.8471922874450684},"rotation":{"x":-0.19098283350467683,"y":0.8043286204338074,"z":-0.3465401232242584,"w":-0.44327810406684878},"size":4.3657684326171879,"orthographic":false}