{"cameraMode":{"drawMode":0,"name":"Shaded","section":"Shading Mode"},"sceneLighting":true,"audioPlay":false,"sceneViewState":{"m_AlwaysRefresh":false,"showFog":true,"showSkybox":true,"showFlares":true,"showImageEffects":true,"showParticleSystems":true,"showVisualEffectGraphs":true,"m_FxEnabled":true},"in2DMode":false,"pivot":{"x":-0.003538370132446289,"y":-12.702680587768555,"z":-23.013355255126954},"rotation":{"x":0.010518347844481469,"y":0.9633567333221436,"z":-0.2653841972351074,"w":0.03843384236097336},"size":21.1755313873291,"orthographic":false}